-- clientes
insert into client (id, name, email, status) values (1, 'Vanda McSparran', 'vmcsparran0@kickstarter.com', 1);
insert into client (id, name, email, status) values (2, 'Tanhya Spraging', 'tspraging1@skyrock.com', 1);
insert into client (id, name, email, status) values (3, 'Jasper Bereford', 'jbereford2@imgur.com', 1);
insert into client (id, name, email, status) values (4, 'Cacilie Kores', 'ckores3@forbes.com', 0);
insert into client (id, name, email, status) values (5, 'Anallese Ayars', 'aayars4@patch.com', 0);
insert into client (id, name, email, status) values (6, 'Jerrilee Vankeev', 'jvankeev5@i2i.jp', 1);
insert into client (id, name, email, status) values (7, 'Trever Classen', 'tclassen6@amazon.com', 0);
insert into client (id, name, email, status) values (8, 'Stephine Myford', 'smyford7@accuweather.com', 0);
insert into client (id, name, email, status) values (9, 'Rozella Macconaghy', 'rmacconaghy8@canalblog.com', 0);
insert into client (id, name, email, status) values (10, 'Chicky Glusby', 'cglusby9@chron.com', 1);
insert into client (id, name, email, status) values (11, 'Horatius Pittwood', 'hpittwooda@epa.gov', 0);
insert into client (id, name, email, status) values (12, 'Tildie Baly', 'tbalyb@wired.com', 1);
insert into client (id, name, email, status) values (13, 'Wallis Maidstone', 'wmaidstonec@cnn.com', 1);
insert into client (id, name, email, status) values (14, 'Hube Aspel', 'haspeld@npr.org', 0);
insert into client (id, name, email, status) values (15, 'Hoebart Roskruge', 'hroskrugee@1688.com', 0);
insert into client (id, name, email, status) values (16, 'Patti Itscowicz', 'pitscowiczf@cornell.edu', 0);
insert into client (id, name, email, status) values (17, 'Saundra Stansby', 'sstansbyg@baidu.com', 1);
insert into client (id, name, email, status) values (18, 'Yovonnda Mundy', 'ymundyh@yandex.ru', 1);
insert into client (id, name, email, status) values (19, 'Anselma Lawson', 'alawsoni@tuttocitta.it', 0);
insert into client (id, name, email, status) values (20, 'Curry Buckby', 'cbuckbyj@tiny.cc', 1);
insert into client (id, name, email, status) values (21, 'Alejandra Gateley', 'agateleyk@admin.ch', 1);
insert into client (id, name, email, status) values (22, 'Peter Tithecott', 'ptithecottl@themeforest.net', 0);
insert into client (id, name, email, status) values (23, 'Angeli Worters', 'awortersm@mayoclinic.com', 0);
insert into client (id, name, email, status) values (24, 'Darelle Stive', 'dstiven@npr.org', 0);
insert into client (id, name, email, status) values (25, 'Abdel Bartoleyn', 'abartoleyno@edublogs.org', 1);
insert into client (id, name, email, status) values (26, 'Lind Veracruysse', 'lveracruyssep@usgs.gov', 1);
insert into client (id, name, email, status) values (27, 'Even Carloni', 'ecarloniq@theguardian.com', 1);
insert into client (id, name, email, status) values (28, 'Bettina Cristobal', 'bcristobalr@photobucket.com', 0);
insert into client (id, name, email, status) values (29, 'Delbert Stubbings', 'dstubbingss@usatoday.com', 0);
insert into client (id, name, email, status) values (30, 'Ewart McGruar', 'emcgruart@homestead.com', 1);
insert into client (id, name, email, status) values (31, 'Codi Noirel', 'cnoirelu@vinaora.com', 0);
insert into client (id, name, email, status) values (32, 'Malcolm Fonso', 'mfonsov@buzzfeed.com', 0);
insert into client (id, name, email, status) values (33, 'Iolanthe Maypole', 'imaypolew@cisco.com', 0);
insert into client (id, name, email, status) values (34, 'Jeanna Lorie', 'jloriex@yahoo.co.jp', 1);
insert into client (id, name, email, status) values (35, 'Jacquelyn Bedboro', 'jbedboroy@imgur.com', 1);
insert into client (id, name, email, status) values (36, 'Koressa MacLaughlin', 'kmaclaughlinz@tamu.edu', 0);
insert into client (id, name, email, status) values (37, 'Anetta Sapena', 'asapena10@imgur.com', 1);
insert into client (id, name, email, status) values (38, 'Dorie Joris', 'djoris11@google.it', 1);
insert into client (id, name, email, status) values (39, 'Steffane Zecchi', 'szecchi12@linkedin.com', 0);
insert into client (id, name, email, status) values (40, 'Trish Giacaponi', 'tgiacaponi13@wisc.edu', 0);
insert into client (id, name, email, status) values (41, 'Cate Wheatland', 'cwheatland14@sakura.ne.jp', 0);
insert into client (id, name, email, status) values (42, 'Melodee Cramer', 'mcramer15@engadget.com', 1);
insert into client (id, name, email, status) values (43, 'Flossie Linggood', 'flinggood16@lulu.com', 1);
insert into client (id, name, email, status) values (44, 'Pasquale Pampling', 'ppampling17@canalblog.com', 0);
insert into client (id, name, email, status) values (45, 'Roxanna Suerz', 'rsuerz18@dmoz.org', 0);
insert into client (id, name, email, status) values (46, 'Kinnie Staton', 'kstaton19@wunderground.com', 0);
insert into client (id, name, email, status) values (47, 'Hewie Harme', 'hharme1a@parallels.com', 1);
insert into client (id, name, email, status) values (48, 'Astrid Livingston', 'alivingston1b@digg.com', 1);
insert into client (id, name, email, status) values (49, 'Nefen Troth', 'ntroth1c@examiner.com', 1);
insert into client (id, name, email, status) values (50, 'Aluino Panichelli', 'apanichelli1d@lycos.com', 1);
insert into client (id, name, email, status) values (51, 'Julio Paulon', 'jpaulon1e@google.it', 0);
insert into client (id, name, email, status) values (52, 'Benji Kharchinski', 'bkharchinski1f@redcross.org', 1);
insert into client (id, name, email, status) values (53, 'Gun Powles', 'gpowles1g@fastcompany.com', 0);
insert into client (id, name, email, status) values (54, 'Raynor Labb', 'rlabb1h@princeton.edu', 1);
insert into client (id, name, email, status) values (55, 'Hymie Awin', 'hawin1i@woothemes.com', 0);
insert into client (id, name, email, status) values (56, 'Maren Schumacher', 'mschumacher1j@msn.com', 0);
insert into client (id, name, email, status) values (57, 'Ham Colbourn', 'hcolbourn1k@github.com', 0);
insert into client (id, name, email, status) values (58, 'Josey Brandrick', 'jbrandrick1l@ft.com', 0);
insert into client (id, name, email, status) values (59, 'Pavlov Doud', 'pdoud1m@ifeng.com', 0);
insert into client (id, name, email, status) values (60, 'Georgiana Glave', 'gglave1n@flavors.me', 0);
insert into client (id, name, email, status) values (61, 'Rockey Tapper', 'rtapper1o@columbia.edu', 0);
insert into client (id, name, email, status) values (62, 'Eyde Weepers', 'eweepers1p@ox.ac.uk', 0);
insert into client (id, name, email, status) values (63, 'Fernanda Ingham', 'fingham1q@goo.ne.jp', 1);
insert into client (id, name, email, status) values (64, 'Jobyna Earnshaw', 'jearnshaw1r@eventbrite.com', 1);
insert into client (id, name, email, status) values (65, 'Ardelia Carlesso', 'acarlesso1s@printfriendly.com', 0);
insert into client (id, name, email, status) values (66, 'Bonni Goroni', 'bgoroni1t@nih.gov', 1);
insert into client (id, name, email, status) values (67, 'Sheelagh Sanches', 'ssanches1u@blinklist.com', 0);
insert into client (id, name, email, status) values (68, 'Ned Godlonton', 'ngodlonton1v@fema.gov', 1);
insert into client (id, name, email, status) values (69, 'Albertine Cozins', 'acozins1w@thetimes.co.uk', 0);
insert into client (id, name, email, status) values (70, 'Laurene McDunlevy', 'lmcdunlevy1x@disqus.com', 0);
insert into client (id, name, email, status) values (71, 'Matthias Szymanowski', 'mszymanowski1y@ow.ly', 0);
insert into client (id, name, email, status) values (72, 'Lion Halversen', 'lhalversen1z@jigsy.com', 1);
insert into client (id, name, email, status) values (73, 'Thomasa Foucar', 'tfoucar20@istockphoto.com', 0);
insert into client (id, name, email, status) values (74, 'Chevy Knudsen', 'cknudsen21@blogspot.com', 0);
insert into client (id, name, email, status) values (75, 'Rubina Wye', 'rwye22@huffingtonpost.com', 0);
insert into client (id, name, email, status) values (76, 'Dall Sennett', 'dsennett23@desdev.cn', 1);
insert into client (id, name, email, status) values (77, 'Inness Moat', 'imoat24@nydailynews.com', 1);
insert into client (id, name, email, status) values (78, 'Gennifer Tivnan', 'gtivnan25@dion.ne.jp', 1);
insert into client (id, name, email, status) values (79, 'Thomasine Beckingham', 'tbeckingham26@fc2.com', 0);
insert into client (id, name, email, status) values (80, 'Udell Kaine', 'ukaine27@telegraph.co.uk', 1);
insert into client (id, name, email, status) values (81, 'Abdul Carette', 'acarette28@java.com', 0);
insert into client (id, name, email, status) values (82, 'Alfredo Wasling', 'awasling29@dropbox.com', 1);
insert into client (id, name, email, status) values (83, 'Kalinda Birtwisle', 'kbirtwisle2a@homestead.com', 0);
insert into client (id, name, email, status) values (84, 'Emmaline Stathers', 'estathers2b@baidu.com', 0);
insert into client (id, name, email, status) values (85, 'Cy Frean', 'cfrean2c@google.fr', 0);
insert into client (id, name, email, status) values (86, 'Quincey Dugan', 'qdugan2d@squarespace.com', 1);
insert into client (id, name, email, status) values (87, 'Lishe Engelbrecht', 'lengelbrecht2e@pagesperso-orange.fr', 0);
insert into client (id, name, email, status) values (88, 'Nil Crossley', 'ncrossley2f@wix.com', 0);
insert into client (id, name, email, status) values (89, 'Willette Rubert', 'wrubert2g@a8.net', 0);
insert into client (id, name, email, status) values (90, 'Carmine Helversen', 'chelversen2h@jimdo.com', 1);
insert into client (id, name, email, status) values (91, 'Kirstin Wrassell', 'kwrassell2i@forbes.com', 1);
insert into client (id, name, email, status) values (92, 'Lane Casarili', 'lcasarili2j@nymag.com', 0);
insert into client (id, name, email, status) values (93, 'Penni Olensby', 'polensby2k@blogspot.com', 1);
insert into client (id, name, email, status) values (94, 'Solly Pauly', 'spauly2l@dedecms.com', 1);
insert into client (id, name, email, status) values (95, 'Kendra Gerard', 'kgerard2m@wp.com', 0);
insert into client (id, name, email, status) values (96, 'Jacquie Veld', 'jveld2n@usatoday.com', 1);
insert into client (id, name, email, status) values (97, 'Vick Klagges', 'vklagges2o@cbc.ca', 0);
insert into client (id, name, email, status) values (98, 'Dalis Colnet', 'dcolnet2p@unblog.fr', 0);
insert into client (id, name, email, status) values (99, 'Babara Gurys', 'bgurys2q@live.com', 0);
insert into client (id, name, email, status) values (100, 'Randie Petrello', 'rpetrello2r@google.ca', 1);

-- categorias
insert into category (id, code, status) values (1, 'Mercury', 1);
insert into category (id, code, status) values (2, 'Nissan', 0);
insert into category (id, code, status) values (3, 'Mercedes-Benz', 0);
insert into category (id, code, status) values (4, 'Oldsmobile', 1);
insert into category (id, code, status) values (5, 'Suzuki', 0);
insert into category (id, code, status) values (6, 'Audi', 0);
insert into category (id, code, status) values (7, 'Mazda', 0);
insert into category (id, code, status) values (8, 'Buick', 1);
insert into category (id, code, status) values (9, 'Toyota', 0);
insert into category (id, code, status) values (10, 'Land Rover', 0);


-- produtos
insert into product (id, category_id, name, description, price, status) values (1, 9, 'Gol', 'Supplement Right Carpal with Autol Sub, Perc Approach', 254355.93, 1);
insert into product (id, category_id, name, description, price, status) values (2, 7, 'Celta', 'Extraction of Pelvic Subcu/Fascia, Perc Approach', 99044.69, 1);
insert into product (id, category_id, name, description, price, status) values (3, 8, 'Regal', 'Supplement R Up Arm Muscle w Autol Sub, Perc Endo', 58247.6, 0);
insert into product (id, category_id, name, description, price, status) values (4, 7, '3 Series', 'Removal of Autol Sub from Fallopian Tube, Via Opening', 278592.04, 1);
insert into product (id, category_id, name, description, price, status) values (5, 6, 'Yukon XL 1500', 'Release Left Kidney, Open Approach', 76961.44, 1);
insert into product (id, category_id, name, description, price, status) values (6, 8, 'Legacy', 'Bypass L Basilic Vein to Up Vein w Autol Art, Perc Endo', 257251.72, 1);
insert into product (id, category_id, name, description, price, status) values (7, 5, 'NSX', 'Dilate 2 Cor Art, Bifurc, w 4+ Intralum Dev, Perc', 225464.05, 1);
insert into product (id, category_id, name, description, price, status) values (8, 5, 'Pathfinder', 'Static Orthosis Device Fitting using Prosthesis', 150646.88, 0);
insert into product (id, category_id, name, description, price, status) values (9, 4, 'F250', 'Destruction of Left Inner Ear, Open Approach', 57443.36, 1);
insert into product (id, category_id, name, description, price, status) values (10, 9, 'SLK-Class', 'Transfer Left Abdomen Bursa and Ligament, Perc Endo Approach', 117318.59, 0);
insert into product (id, category_id, name, description, price, status) values (11, 4, 'T100', 'Excision of Cervical Nerve, Percutaneous Approach, Diagn', 278565.41, 1);
insert into product (id, category_id, name, description, price, status) values (12, 10, '2500', 'Bypass L Subclav Art to L Pulm Art w Nonaut Sub, Open', 98235.04, 0);
insert into product (id, category_id, name, description, price, status) values (13, 4, 'Camry', 'Insertion of Other Device into R Wrist, Perc Endo Approach', 197720.45, 1);
insert into product (id, category_id, name, description, price, status) values (14, 9, 'CR-X', 'Replace of L Zygomatic Bone with Autol Sub, Open Approach', 267699.65, 0);
insert into product (id, category_id, name, description, price, status) values (15, 5, 'MKZ', 'Replace of L Hand Subcu/Fascia with Synth Sub, Open Approach', 270596.84, 0);
insert into product (id, category_id, name, description, price, status) values (16, 5, '9-5', 'Removal of Infusion Device from Ovary, Percutaneous Approach', 40049.0, 0);
insert into product (id, category_id, name, description, price, status) values (17, 9, 'Grand Cherokee', 'Destruction of Cerebral Meninges, Percutaneous Approach', 47421.84, 0);
insert into product (id, category_id, name, description, price, status) values (18, 8, 'CL-Class', 'Osteopathic Treatment Cervcal Region w Muscle Isometric', 234224.7, 0);
insert into product (id, category_id, name, description, price, status) values (19, 7, 'Outlander', 'Fusion of L Sacroiliac Jt with Nonaut Sub, Open Approach', 251772.71, 0);
insert into product (id, category_id, name, description, price, status) values (20, 2, 'Golf', 'Removal of Int Fix from R Tarsal Jt, Perc Endo Approach', 76429.55, 0);
insert into product (id, category_id, name, description, price, status) values (21, 5, 'Durango', 'Excision of Bilateral Ovaries, Via Opening, Diagn', 25158.62, 0);
insert into product (id, category_id, name, description, price, status) values (22, 7, 'Caprice Classic', 'Drainage of Lumbar Vertebral Joint, Perc Approach, Diagn', 254833.25, 0);
insert into product (id, category_id, name, description, price, status) values (23, 9, 'X5 M', 'Insertion of Facet Stabl Dev into Lumsac Jt, Open Approach', 53338.44, 0);
insert into product (id, category_id, name, description, price, status) values (24, 10, 'Prius c', 'Removal of Intralum Dev from Vas Deferens, Extern Approach', 231844.42, 1);
insert into product (id, category_id, name, description, price, status) values (25, 7, '3500 Club Coupe', 'Restriction of Ileocecal Valve, Percutaneous Approach', 198997.88, 0);
insert into product (id, category_id, name, description, price, status) values (26, 6, 'E150', 'Supplement Occip Jt with Autol Sub, Open Approach', 209859.16, 0);
insert into product (id, category_id, name, description, price, status) values (27, 7, 'Accord', 'Extirpation of Matter from R Sacroiliac Jt, Perc Approach', 154454.43, 1);
insert into product (id, category_id, name, description, price, status) values (28, 4, 'Expedition EL', 'Release Perineum Tendon, Percutaneous Endoscopic Approach', 274501.98, 0);
insert into product (id, category_id, name, description, price, status) values (29, 1, 'Dakota', 'Bypass Thor Aorta Desc to L Pulm Art w Zooplastic, Open', 83382.3, 1);
insert into product (id, category_id, name, description, price, status) values (30, 2, 'Grand Prix Turbo', 'Removal of Autol Sub from R Radius, Perc Endo Approach', 146508.46, 1);
